{
  "tags": [
    {
      "ID": 1,
      "pose": {
        "translation": {
          "x": -3.3838324036753615,
          "y": 2.537639819039739,
          "z": 1.4859056167110976
        },
        "rotation": {
          "quaternion": {
            "W": 1.0,
            "X": 6.162975822039155e-33,
            "Y": 4.605865866309483e-33,
            "Z": 8.040613248383182e-17
          }
        }
      }
    },
    {
      "ID": 2,
      "pose": {
        "translation": {
          "x": 2.1336092171694223,
          "y": 2.0766112580703084,
          "z": 0.30800133056251566
        },
        "rotation": {
          "quaternion": {
            "W": 6.123233995736766e-17,
            "X": 8.355265322964129e-33,
            "Y": 6.162975822039155e-33,
            "Z": 1.0
          }
        }
      }
    },
    {
      "ID": 3,
      "pose": {
        "translation": {
          "x": 2.133617282225328,
          "y": 3.49401261251371,
          "z": 0.308002494809431
        },
        "rotation": {
          "quaternion": {
            "W": 6.123233995736766e-17,
            "X": 8.355265322964129e-33,
            "Y": 6.162975822039155e-33,
            "Z": 1.0
          }
        }
      }
    }
  ],
  "field": {
    "length": 17.548225,
    "width": 8.0518
  }
}